http://www.supremenewyork.com/shop/jackets/bhv49e6i2,Jackets,Supreme/Stone Island Lamy Cover Stampato Puffy Jacket,$998,False,http://d17ol771963kd3.cloudfront.net/140732/ma/xWINR2S35oo.jpg
http://www.supremenewyork.com/shop/jackets/k6t0wsn8d,Jackets,Supreme/Stone Island Poly Cover Composite Anorak,$648,False,http://d17ol771963kd3.cloudfront.net/140746/ma/r03ocu3NbLM.jpg
http://www.supremenewyork.com/shop/jackets/fm9sqyun0,Jackets,Wool Overcoat,$568,True,http://d17ol771963kd3.cloudfront.net/137005/ma/Fdgm4eETf9M.jpg
http://www.supremenewyork.com/shop/jackets/ih7jwfiby,Jackets,Supreme/Schott Leopard Lined Leather Work Jacket,$668,True,http://d17ol771963kd3.cloudfront.net/139710/ma/EfR1jluDQ9g.jpg
http://www.supremenewyork.com/shop/jackets/hk5fd7gca,Jackets,Shop Jacket,$160,False,http://d17ol771963kd3.cloudfront.net/139754/ma/pzsaa0il9ac.jpg
http://www.supremenewyork.com/shop/shirts/kcmton2dr,Shirts,God Bless Plaid Flannel Shirt,$118,False,http://d17ol771963kd3.cloudfront.net/138813/ma/87LMLlZh_BM.jpg
http://www.supremenewyork.com/shop/tops-sweaters/ug3mv48yi,Tops/Sweaters,Supreme/Stone Island S/S Top,$120,False,http://d17ol771963kd3.cloudfront.net/140754/ma/QJe-9NsDTFw.jpg
http://www.supremenewyork.com/shop/tops-sweaters/h2woe3fzv,Tops/Sweaters,Cashmere Sweater,$248,False,http://d17ol771963kd3.cloudfront.net/139118/ma/JHCdsGwupSE.jpg
http://www.supremenewyork.com/shop/tops-sweaters/mpck1dwr5,Tops/Sweaters,Split Pique Crewneck,$128,False,http://d17ol771963kd3.cloudfront.net/138522/ma/bBTetdpgviY.jpg
http://www.supremenewyork.com/shop/tops-sweaters/d9lu0jgz3,Tops/Sweaters,Daggers L/S Top,$110,False,http://d17ol771963kd3.cloudfront.net/138482/ma/ToE-rhfwNOg.jpg
http://www.supremenewyork.com/shop/tops-sweaters/xwrf74t03,Tops/Sweaters,Arc Logo L/S Thermal,$88,False,http://d17ol771963kd3.cloudfront.net/138374/ma/nPN6G6zfZrQ.jpg
http://www.supremenewyork.com/shop/sweatshirts/o4eg18val,Sweatshirts,Supreme/Stone Island Hooded Sweatshirt,$323,False,http://d17ol771963kd3.cloudfront.net/140761/ma/18BHGFdvmO8.jpg
http://www.supremenewyork.com/shop/sweatshirts/gaxk5ew0f,Sweatshirts,Reflective Excellence Hooded Sweatshirt,$158,False,http://d17ol771963kd3.cloudfront.net/139284/ma/iJnHzgbMRus.jpg
http://www.supremenewyork.com/shop/pants/tvt7as0rz,Pants,Supreme/Stone Island Sweatpant,$260,False,http://d17ol771963kd3.cloudfront.net/140784/ma/APouyzonD2g.jpg
http://www.supremenewyork.com/shop/pants/oz0d7hqxv,Pants,Corduroy Work Pant,$118,True,http://d17ol771963kd3.cloudfront.net/138921/ma/f8g1HYZlyuY.jpg
http://www.supremenewyork.com/shop/pants/qrw873tmb,Pants,Daggers Pant,$128,False,http://d17ol771963kd3.cloudfront.net/139002/ma/hcZLzN7EN9Q.jpg
http://www.supremenewyork.com/shop/pants/nwts1nu8q,Pants,Washed Regular Jeans,$138,True,http://d17ol771963kd3.cloudfront.net/138844/ma/vIwX2C2QBZg.jpg
http://www.supremenewyork.com/shop/pants/avk93x4o5,Pants,Work Pant,$118,False,http://d17ol771963kd3.cloudfront.net/138684/ma/uJzpssXp030.jpg
http://www.supremenewyork.com/shop/pants/zuhpjto36,Pants,Rigid Slim Jeans,$148,False,http://d17ol771963kd3.cloudfront.net/138882/ma/9cC1lvijENQ.jpg
http://www.supremenewyork.com/shop/pants/gite9o8f7,Pants,Stone Washed Black Slim Jeans,$136,True,http://d17ol771963kd3.cloudfront.net/137195/ma/QlL-10HOyOI.jpg
http://www.supremenewyork.com/shop/t-shirts/hisc6uzve,T-Shirts,Brooklyn Box Logo Tee,$54,False,http://d17ol771963kd3.cloudfront.net/140880/ma/naNfcIfi1Q0.jpg
http://www.supremenewyork.com/shop/hats/pgx6scom3,Hats,Supreme/Stone Island Lamy 6-Panel,$66,False,http://d17ol771963kd3.cloudfront.net/140728/ma/ZyPLjIU2p9s.jpg
http://www.supremenewyork.com/shop/hats/nhafoiycw,Hats,Side Zip Camp Cap,$48,False,http://d17ol771963kd3.cloudfront.net/138318/ma/axHWAVg7ebs.jpg
http://www.supremenewyork.com/shop/hats/gn0kmg1iz,Hats,Compact Logo 6-Panel,$48,False,http://d17ol771963kd3.cloudfront.net/137688/ma/W_2lEZDJzfk.jpg
http://www.supremenewyork.com/shop/hats/oqs1a0hyl,Hats,Repeat Beanie,$32,False,http://d17ol771963kd3.cloudfront.net/138177/ma/3ugLHGemCBI.jpg
http://www.supremenewyork.com/shop/hats/v6p0m7to2,Hats,Heather Loose Gauge Beanie,$32,False,http://d17ol771963kd3.cloudfront.net/138137/ma/Wua6LXvLuTI.jpg
http://www.supremenewyork.com/shop/bags/gcq17lp40,Bags,Backpack,$148,False,http://d17ol771963kd3.cloudfront.net/137595/ma/k_5cUAhSc34.jpg
http://www.supremenewyork.com/shop/bags/knigjw3s5,Bags,Duffle Bag,$148,False,http://d17ol771963kd3.cloudfront.net/137539/ma/ZLDGm7pJrnc.jpg
http://www.supremenewyork.com/shop/bags/tcvmzqso3,Bags,Waist Bag,$88,False,http://d17ol771963kd3.cloudfront.net/139802/ma/XbfaJKdZYjQ.jpg
http://www.supremenewyork.com/shop/bags/egr3tjhp0,Bags,Shoulder Bag,$48,False,http://d17ol771963kd3.cloudfront.net/136901/ma/zOWxGiO3PBo.jpg
http://www.supremenewyork.com/shop/accessories/er93h8sky,Accessories,Supreme/Hanes Tagless Tees (3 Pack),$28,True,http://d17ol771963kd3.cloudfront.net/137585/ma/mOCTZ5CVF1A.jpg
http://www.supremenewyork.com/shop/accessories/l26fsj948,Accessories,Supreme/Hanes Boxer Briefs (4 Pack),$36,True,http://d17ol771963kd3.cloudfront.net/137591/ma/EZINLXsgih4.jpg
http://www.supremenewyork.com/shop/accessories/zeyv64m1q,Accessories,Supreme/Hanes Crew Socks (4 Pack),$20,True,http://d17ol771963kd3.cloudfront.net/137587/ma/z6zqv9yB4mw.jpg
http://www.supremenewyork.com/shop/accessories/brc0zibjn,Accessories,Lock Box,$58,False,http://d17ol771963kd3.cloudfront.net/137891/ma/l_qyxhlhe2A.jpg
http://www.supremenewyork.com/shop/accessories/ptl7b3cye,Accessories,Faux Snakeskin Belt,$128,True,http://d17ol771963kd3.cloudfront.net/139895/ma/vE6t97xr_Qg.jpg
http://www.supremenewyork.com/shop/skate/fa06fl3ki,Skate,Supreme/Independent Truck,$50,True,http://d17ol771963kd3.cloudfront.net/137574/ma/IrAbl7l9IVo.jpg
http://www.supremenewyork.com/shop/skate/ya9mkqrwt,Skate,Supreme/Spitfire Classic Wheels,$30,False,http://d17ol771963kd3.cloudfront.net/137577/ma/Qxvd-81GOF8.jpg
http://www.supremenewyork.com/shop/skate/t4muzoef1,Skate,Gonz Ramm Skateboard,$49,False,http://d17ol771963kd3.cloudfront.net/137262/ma/M3ViYKrX7p8.jpg
